<?xml version="1.0" encoding="UTF-8"?>
<metadata xml:lang="sv"><Esri><CreaDate>20180528</CreaDate><CreaTime>15263100</CreaTime><ArcGISFormat>1.0</ArcGISFormat><SyncOnce>TRUE</SyncOnce><DataProperties><lineage><Process ToolSource="c:\program files (x86)\arcgis\desktop10.6\ArcToolbox\Toolboxes\Conversion Tools.tbx\FeatureToRaster" Date="20180528" Time="152631">FeatureToRaster Terrängkartan\Markytor KKOD H:\CSharp\Inlupp4\Data\rasterData.tif 17,608</Process></lineage></DataProperties></Esri></metadata>
